,name,address,sido,gungu
0,개포1호,서울 강남구 개포동 1229-18,서울,강남구
1,논현1호,서울 강남구 논현동 184-21,서울,강남구
2,대치1호,서울 강남구 대치4동 913-25,서울,강남구
3,대치2호,서울 강남구 대치동 990번지 삼성상가 113호 1/2,서울,강남구
4,삼성1호,서울 강남구 삼성동 44-18,서울,강남구
5,세곡,서울 강남구 자곡동 611,서울,강남구
6,압구정신사,서울 강남구 신사동 640-5 대성빌딩 1층 1호,서울,강남구
7,역삼1호,서울 강남구 역삼동 837-15,서울,강남구
8,일원본동,서울 강남구 수서동 747 삼성아파트 상가 104호,서울,강남구
9,청담역,서울 강남구 청담동 65 진흥아파트상가,서울,강남구
10,강일,서울 강동구 강일동 679-3 리슈빌오피스텔,서울,강동구
11,고덕1호,서울 강동구 고덕동 650-1,서울,강동구
12,길1호,서울 강동구 길동 347-31,서울,강동구
13,둔촌1호,서울 강동구 둔촌동 454-5,서울,강동구
14,명일1호,서울 강동구 명일동 328-2,서울,강동구
15,성내,서울 강동구 성내2동 509-7 1층,서울,강동구
16,암사1호,서울 강동구 천호동 287-22,서울,강동구
17,암사2호,서울 강동구 암사동 446-18,서울,강동구
18,천호1호,서울 강동구 천호동 550번지,서울,강동구
19,덕성여대,서울 강북구 우이동 72-148,서울,강북구
20,미아1호,서울 강북구 미아5동 1264-233,서울,강북구
21,미아역,서울 강북구 미아동 131-8,서울,강북구
22,수유1호,서울 강북구 수유동 385-2,서울,강북구
23,수유역점,서울 강북구 번동 461-127,서울,강북구
24,가양,서울 강서구 등촌동 75-1,서울,강서구
25,강서구청,서울 강서구 화곡6동 987-7,서울,강서구
26,까치산역,서울 강서구 화곡동 343-62 라인씨티 1층,서울,강서구
27,등촌,서울 강서구 등촌동 649-14,서울,강서구
28,마곡1호,서울 강서구 강서로 마곡동 784-11 마곡오드카운티1차 111호,서울,강서구
29,발산역,서울 강서구 내발산동 655-6번지 1층 13호,서울,강서구
30,방화2호,서울 강서구 방화2동 580-27,서울,강서구
31,염창,서울 강서구 염창동 250-16,서울,강서구
32,화곡2호,서울 강서구 화곡동 400-45,서울,강서구
33,봉천2호,서울 관악구 봉천동 1674-20,서울,관악구
34,봉천3호,서울 관악구 봉천동 1632-9,서울,관악구
35,봉천4호,서울 관악구 봉천동 931-12,서울,관악구
36,봉천5호,서울 관악구 봉천3동 7-291,서울,관악구
37,신림1호,서울 관악구 신림4동 504-22,서울,관악구
38,신림2호,서울 관악구 신림동 762-7,서울,관악구
39,신림3호,서울 관악구 신림9동 246-49,서울,관악구
40,건대,서울 광진구 화양동 9-18,서울,광진구
41,광장,서울 광진구 광장동 530-13,서울,광진구
42,구의2호,서울 광진구 구의동 229-43,서울,광진구
43,자양1호,서울 광진구 자양3동 584-28,서울,광진구
44,자양2호,서울 광진구 자양동 624-42,서울,광진구
45,중곡1호,서울 광진구 중곡동 41-37,서울,광진구
46,중곡2호,서울 광진구 중곡동 109-28,서울,광진구
47,개봉1호,서울 구로구 개봉동 403-159,서울,구로구
48,고척1호,서울 구로구 개봉1동 126-4,서울,구로구
49,구로2호,서울 구로구 구로동 74-30,서울,구로구
50,구로디지털,서울 구로구 구로동 826-1,서울,구로구
51,동양미래대학,서울 구로구 고척동 343,서울,구로구
52,신도림1호,서울 구로구 신도림동 410-1 신도림6차대림@상가 902동111호,서울,구로구
53,오류1호,서울 구로구 오류1동 10-3,서울,구로구
54,천왕역,서울 구로구 오류동 203-1 1층,서울,구로구
55,가산디지털,서울 금천구 가산동 371-6 가산비지니스센터 2층,서울,금천구
56,독산1호,"서울 금천구 독산동 888-20 102호,103호",서울,금천구
57,시흥1호,서울 금천구 시흥2동 264-17,서울,금천구
58,시흥2호,서울 금천구 시흥1동 905-5,서울,금천구
59,공릉1호,서울 노원구 공릉동 338-6,서울,노원구
60,공릉2호,서울 노원구 공릉동 461-1,서울,노원구
61,상계4단지,서울 노원구 상계7동 749-5 상계주공@4단지상가101호,서울,노원구
62,상계보람,서울 노원구 상계5동 456-130,서울,노원구
63,석계역,서울 노원구 월계1동 73-13,서울,노원구
64,수락산역,서울 노원구 상계동 1118,서울,노원구
65,중계1호,서울 노원구 중계1동 360-9,서울,노원구
66,중계2호,서울 노원구 중계동 137-39 정진빌라 1층,서울,노원구
67,중계역,서울 노원구 중계2동 503,서울,노원구
68,하계1호,서울 노원구 하계1동 251 청구상가 201동 101호,서울,노원구
69,도봉동,서울 도봉구 도봉2동 623-163,서울,도봉구
70,쌍문1호,서울 도봉구 방학1동 263-75,서울,도봉구
71,쌍문역,서울 도봉구 쌍문3동 88-127,서울,도봉구
72,창3동,서울 도봉구 창동 568-2,서울,도봉구
73,창동,서울 도봉구 창5동 296-37,서울,도봉구
74,답십리1호,서울 동대문구 답십리동 257-3,서울,동대문구
75,서울시립대,서울 동대문구 전농1동 141-141,서울,동대문구
76,신이문,서울 동대문구 이문3동 237-114,서울,동대문구
77,안암,서울 동대문구 제기동 142-8,서울,동대문구
78,장안1호,서울 동대문구 전농3동 1-171,서울,동대문구
79,장안2호,서울 동대문구 장안동 338-6 1층,서울,동대문구
80,청량리역,서울 동대문구 청량리동 50-3,서울,동대문구
81,대방1호,서울 동작구 대방동 20-25 한스빌 105호,서울,동작구
82,사당1호,서울 동작구 사당3동 155-2 1F,서울,동작구
83,사당3호,서울 동작구 사당동 220-119,서울,동작구
84,상도터널,서울 동작구 상도1동 587,서울,동작구
85,신대방,서울 동작구 신대방동 607-28,서울,동작구
86,신대방삼거리,서울 동작구 대방동 407-46,서울,동작구
87,흑석1호,서울 동작구 흑석동 180-6,서울,동작구
88,도화,"서울 마포구 도화동 179-8 1,2층",서울,마포구
89,망원2동,서울 마포구 망원2동 474-15,서울,마포구
90,상암,서울 마포구 상암동 34-45,서울,마포구
91,성산2동,서울 마포구 성산동 592,서울,마포구
92,신공덕,서울 마포구 신공덕동 159,서울,마포구
93,신수,서울 마포구 신수동 451번지 세양청마루아파트 상가 101호,서울,마포구
94,아현,서울 마포구 아현동 774 마포래미안 푸르지오 101동 상가 114호,서울,마포구
95,연남,서울 마포구 연남동 369-20,서울,마포구
96,홍대,서울 마포구 서교동 371-3,서울,마포구
97,독립문,서울 서대문구 냉천동 228,서울,서대문구
98,명지대,서울 서대문구 남가좌동 344-7,서울,서대문구
99,북가좌1호,서울 서대문구 응암로 11,서울,서대문구
100,북아현1호,서울 서대문구 북아현동 1006,서울,서대문구
101,신촌,서울 서대문구 창천동 41-14,서울,서대문구
102,연희1호,서울 서대문구 연희3동 344-26,서울,서대문구
103,홍은1호,서울 서대문구 홍제동 279-52,서울,서대문구
104,홍은사거리,서울 서대문구 홍제동 326-20,서울,서대문구
105,반포1호,서울 서초구 반포동 1053 H동 26호,서울,서초구
106,방배1호,서울 서초구 방배동 761-8,서울,서초구
107,방배2호,서울 서초구 방배3동 918-4번지,서울,서초구
108,서초1호,서울 서초구 서초동 1357-56,서울,서초구
109,서초2호,서울 서초구 서초동 1669-15,서울,서초구
110,서초3호,서울 서초구 서초동 1579-5,서울,서초구
111,양재1호,서울 서초구 양재동 327-2,서울,서초구
112,잠원1호,서울 서초구 잠원동 15-4,서울,서초구
113,금호1호,서울 성동구 금호동1가 1801-3,서울,성동구
114,성수1호,서울 성동구 성수동2가 235-1,서울,성동구
115,성수역,서울 성동구 성수동2가 289-251,서울,성동구
116,왕십리1호,서울 성동구 하왕십리2동 988-2 1층,서울,성동구
117,왕십리도선,서울 성동구 홍익동 131-1,서울,성동구
118,응봉,서울 성동구 응봉동 100 상가내 1층,서울,성동구
119,동덕여대,서울 성북구 하월곡동 17-1,서울,성북구
120,동소문,서울 성북구 동소문동 6가 227 1층,서울,성북구
121,보문역,서울 성북구 보문동2가 40,서울,성북구
122,석관장위,서울 성북구 장위2동 64-129,서울,성북구
123,정릉1호,서울 성북구 정릉4동 285-4,서울,성북구
124,정릉2호,서울 성북구 정릉동 175-24,서울,성북구
125,가락2호,서울 송파구 가락동 75-7,서울,송파구
126,거여가락1호,서울 송파구 가락동 180-9,서울,송파구
127,마천1호,서울 송파구 거여동 32-6,서울,송파구
128,문정법조,서울 송파구 문정동 620 송파푸르지오시티 B09호,서울,송파구
129,방이2호,서울 송파구 방이동 59-1,서울,송파구
130,방이역,서울 송파구 오금동 41-23 성암빌딩 1층,서울,송파구
131,석촌,서울 송파구 석촌동 163-1,서울,송파구
132,송파1호,서울 송파구 송파동 103-31,서울,송파구
133,위례송파,"서울 송파구 장지동 894 위례아이파크 상가1동 103호, 104호",서울,송파구
134,잠실1호,서울 송파구 잠실본동 313-8,서울,송파구
135,잠실2호,서울 송파구 신천동 11-4,서울,송파구
136,장지,서울 송파구 문정동 102-1,서울,송파구
137,풍납1호,서울 송파구 풍납2동 405번지,서울,송파구
138,목동1호,서울 양천구 목동 797-3,서울,양천구
139,목동2호,서울 양천구 목동 909-8 이화프라자 1층 101호,서울,양천구
140,목동오거리,서울 양천구 목동 940 현대아이파크상가 102,서울,양천구
141,신월2호,서울 양천구 신월7동 972-6,서울,양천구
142,신정1호,서울 양천구 신정1동 1027-2,서울,양천구
143,신트리,서울 양천구 신정동 1267 목동뉴프라자,서울,양천구
144,오목교,서울 양천구 신정동 1296 아이파크 상가 1층,서울,양천구
145,화곡1호,서울 양천구 신월동 23-17,서울,양천구
146,당산1호,서울 영등포구 영등포동8가 76-1 삼환@상가 112호,서울,영등포구
147,대림2호,서울 영등포구 대림3동 783-6,서울,영등포구
148,문래,서울 영등포구 문래동3가 77-58,서울,영등포구
149,신길1호,서울 영등포구 신길3동 355-1,서울,영등포구
150,신길2호,서울 영등포구 신길7동 674,서울,영등포구
151,여의도,서울 영등포구 여의도동 44-31,서울,영등포구
152,영등포1호,서울 영등포구 도림동 76-24,서울,영등포구
153,동부이촌,서울 용산구 이촌1동 301-153 오성상가 103,서울,용산구
154,보광,서울 용산구 보광동 217-13,서울,용산구
155,용문,서울 용산구 용문동 28-26,서울,용산구
156,후암,서울 용산구 후암동 244-59,서울,용산구
157,구산역,서울 은평구 갈현2동 464-14,서울,은평구
158,대조,서울 은평구 대조동 231 삼성타운 A 101호,서울,은평구
159,불광1동,서울 은평구 불광동 554-1 라비앙프라자1층 101호,서울,은평구
160,신사1동,서울 은평구 신사동 29-13,서울,은평구
161,역촌1호,서울 은평구 역촌동 55-1,서울,은평구
162,연신내,서울 은평구 불광동 484-72,서울,은평구
163,은평뉴타운,서울 은평구 진관동 은평도시개발사업지구 9단지 914동 상가 103호,서울,은평구
164,응암1동,서울 은평구 응암동 236-33,서울,은평구
165,증산,서울 은평구 증산동 209-18,서울,은평구
166,대학로,서울 종로구 명륜동4가 113-1,서울,종로구
167,숭인,서울 종로구 숭인2동 183-13,서울,종로구
168,동대문1호,서울 중구 창신동 464-6,서울,중구
169,신당1호,서울 중구 신당동 846,서울,중구
170,망우본동,서울 중랑구 망우동 149-7,서울,중랑구
171,면목1호,서울 중랑구 면목본동 72-43,서울,중랑구
172,면목2호,서울 중랑구 면목2동 191-126,서울,중랑구
173,면목3호,서울 중랑구 면목동 1096-16,서울,중랑구
174,묵동,서울 중랑구 묵동 238-90,서울,중랑구
175,상봉1호,서울 중랑구 상봉1동 268-34,서울,중랑구
176,신내1호,서울 중랑구 신내1동 571-26 1층 상가,서울,중랑구
177,국제신도시,부산 강서구 명지동 3412-6,부산,강서구
178,명지신도시,부산 강서구 명지동 3256-5,부산,강서구
179,신호,부산 강서구 신호동 317-15,부산,강서구
180,구서1호,부산 금정구 구서2동 1024-1,부산,금정구
181,남산1호,부산 금정구 남산동 99-6,부산,금정구
182,부곡1호,부산 금정구 부곡동 23-15,부산,금정구
183,부곡2호,부산 금정구 부곡1동 324-20,부산,금정구
184,부산대,부산 금정구 금강로 장전동 418-13,부산,금정구
185,서동1호,부산 금정구 서동 210-6,부산,금정구
186,장전1호,부산 금정구 장전동 134-19,부산,금정구
187,기장1호,부산 기장군 기장읍 동부리 150-18,부산,기장군
188,정관1호,부산 기장군 정관면 매학리,부산,기장군
189,정관2호,부산 기장군 모전리 747-7,부산,기장군
190,감만,부산 남구 감만1동 158-6,부산,남구
191,대연1호,부산 남구 대연동 1013-8,부산,남구
192,대연2호,부산 남구 대연동 52-7,부산,남구
193,메트로시티1호,부산 남구 용호동 176-30,부산,남구
194,못골,부산 남구 대연동 1543-33,부산,남구
195,문현2호,부산 남구 문현1동 127-56,부산,남구
196,용호1호,부산 남구 용호3동 495-46 1층,부산,남구
197,범일1호,부산 동구 범일2동 833-2,부산,동구
198,수정1호,부산 동구 수정동 295-3,부산,동구
199,초량,부산 동구 초량2동 489-4,부산,동구
200,명륜,부산 동래구 명륜1동 673-9,부산,동래구
201,명장1호,부산 동래구 명장동 26-24번지 국제아파트 상가 106호,부산,동래구
202,복천,부산 동래구 복천동 476-1,부산,동래구
203,사직1호,부산 동래구 사직동 137-5번지,부산,동래구
204,사직2호,부산 동래구 사직동 89-16,부산,동래구
205,안락2호,부산 동래구 안락동 670-13,부산,동래구
206,온천1호,부산 동래구 온천동 210-5번지,부산,동래구
207,온천2호,부산 동래구 온천3동 1448-1 명보아파트 상가 가동 101호,부산,동래구
208,우방신세계,부산 동래구 안락동 471-4,부산,동래구
209,가야,부산 부산진구 가야동 478,부산,부산진구
210,개금1호,부산 부산진구 개금동 2-1,부산,부산진구
211,당감,부산 부산진구 당감동 367-2,부산,부산진구
212,범천,부산 부산진구 범천동 1278-11,부산,부산진구
213,서면,부산 부산진구 부전동 266-24,부산,부산진구
214,신개금,부산 부산진구 개금1동 201-6,부산,부산진구
215,양정,부산 부산진구 양정동 310-6,부산,부산진구
216,연지,부산 부산진구 동평로 299,부산,부산진구
217,초읍1호,부산 부산진구 초읍동 288-6,부산,부산진구
218,구포1호,부산 북구 구포3동 1228-1,부산,북구
219,덕천2호,부산 북구 덕천3동 781-2,부산,북구
220,만덕2호,부산 북구 만덕3동 915-6,부산,북구
221,화명1호,부산 북구 화명동 1417-15호 좌측,부산,북구
222,화명3호,부산 북구 화명동 182-5,부산,북구
223,화명신도시,부산 북구 화명동 2266-1,부산,북구
224,괘법,부산 사상구 괘법동 516-1,부산,사상구
225,덕포,부산 사상구 덕포동 420-4,부산,사상구
226,모라,부산 사상구 모라동 1349-,부산,사상구
227,신주례,부산 사상구 주례2동 3-17,부산,사상구
228,엄궁,부산 사상구 엄궁동 40-94,부산,사상구
229,주례럭키,부산 사상구 주례동 55-176,부산,사상구
230,학장,부산 사상구 학장동 579-9,부산,사상구
231,괴정1호,부산 사하구 괴정동 487-24,부산,사하구
232,다대1호,부산 사하구 다대2동 85-5,부산,사하구
233,다대2호,부산 사하구 다대동 1014,부산,사하구
234,당리괴정2호,부산 사하구 괴정동 577-42,부산,사하구
235,신평1호,부산 사하구 신평동 71-15,부산,사하구
236,장림,부산 사하구 장림동 590,부산,사하구
237,하단1호,부산 사하구 하단2동 506-15,부산,사하구
238,하단2호,부산 사하구 하단동 602-7,부산,사하구
239,국제신도시,부산 강서구 명지동 3412-6,부산,강서구
240,남부민,부산 서구 남부민동 456-13,부산,서구
241,대신,부산 서구 대영로 30,부산,서구
242,명지신도시,부산 강서구 명지동 3256-5,부산,강서구
243,송도감천,부산 서구 암남동 64-2 104호,부산,서구
244,신호,부산 강서구 신호동 317-15,부산,강서구
245,아미부민,부산 서구 부민동1가 11-3,부산,서구
246,광안2호,부산 수영구 광안동 168-3,부산,수영구
247,망미1호,부산 수영구 망미동 431-11,부산,수영구
248,민락,부산 수영구 민락동 165-15,부산,수영구
249,수영,부산 수영구 수영동 503-23,부산,수영구
250,거제법조,부산 연제구 거제동 986-5,부산,연제구
251,시청,부산 연제구 거제3동 34-19,부산,연제구
252,연산2호,부산 연제구 연산4동 578-1 삼익아파트 상가 101호,부산,연제구
253,연산3호,부산 연제구 연산동 2133-48,부산,연제구
254,대교남항,부산 영도구 남항동 2가 40,부산,영도구
255,동삼,부산 영도구 동삼1동 331-9,부산,영도구
256,봉래영선,"부산 영도구 영선동1가 69-2, 69-3",부산,영도구
257,청학,부산 영도구  청학동 13-14,부산,영도구
258,영주대청,부산 중구 대청동4가 82-13,부산,중구
259,반송,부산 해운대구 반송2동 216-150,부산,해운대구
260,반여1호,부산 해운대구 반여동 1628-5,부산,해운대구
261,송정,부산 해운대구 송정동 227-7,부산,해운대구
262,우동1호,부산 해운대구 우동 1090-13,부산,해운대구
263,재송1호,부산 해운대구 재송2동 1149-13,부산,해운대구
264,재송2호,부산 해운대구 재송동 1083-1,부산,해운대구
265,좌동1호,부산 해운대구 좌동 970,부산,해운대구
266,좌동3호,부산 해운대구 좌동 1450  주공3단지 상가 205,부산,해운대구
267,해운대역,부산 해운대구 우동 639-4,부산,해운대구
268,계명,대구시 남구 양지로 107,대구시,남구
269,대명1호,대구 남구 대명동 1098-4,대구,남구
270,봉덕,대구 남구 봉덕동 687-32,대구,남구
271,앞산,대구 남구 대명9동 332-16,대구,남구
272,이천대봉,대구 남구 이천동 184-9,대구,남구
273,감삼성당,대구 달서구 감삼동 317-3,대구,달서구
274,대곡,대구 달서구 도원동 1442-2 1층 107호,대구,달서구
275,상인,대구 달서구 상인동 1555-1,대구,달서구
276,성서,대구 달서구 신당동 1763-2,대구,달서구
277,송현,대구 달서구 송현1동 207-2,대구,달서구
278,신월성,대구 달서구 월성동 1264번지 트럼프스타 B/D 106호,대구,달서구
279,용산,대구 달서구 용산1동 954-6,대구,달서구
280,용산새방,대구 달서구 용산동 499-2,대구,달서구
281,장기,대구 달서구 장기동 566-4,대구,달서구
282,진천,대구 달서구 송현동 1978-11,대구,달서구
283,논공,대구 달성군 논공읍 북리 803-128,대구,달성군
284,다사,대구 달성군 다사읍 죽곡리 809-1,대구,달성군
285,명곡,대구 달성군 화원읍 명곡리 320-1,대구,달성군
286,서재세천,대구 달성군 다사읍 서재리 423-15,대구,달성군
287,테크노폴리스,대구 달성군 유가면 봉리 606 하이젠스타 115호,대구,달성군
288,화원,대구 달성군 화원읍 천내리 54-1,대구,달성군
289,대구혁신,대구 동구 각산동 1098-5 102호,대구,동구
290,동구청,대구 동구 효목1동 962-3,대구,동구
291,동호,대구 동구 동호동 384-7,대구,동구
292,방촌,대구 동구 방촌동 1118-121,대구,동구
293,신암대현,대구 동구 신암동 806-3,대구,동구
294,신천1호,대구 동구 신천동 501-5,대구,동구
295,신천2호,대구 동구 신청동 377-12,대구,동구
296,율하,대구 동구 율하동 1311번지 102호,대구,동구
297,지묘봉무,대구 동구 지묘동 808-3,대구,동구
298,지저불로,대구 동구 지저동 833-15,대구,동구
299,관음,대구 북구 관음동 1383-9,대구,북구
300,구암,대구 북구 태전동 1074-6,대구,북구
301,금호지구,대구 북구 사수동 912,대구,북구
302,동서변,대구 북구 동변동 669-4,대구,북구
303,동천3지구,대구 북구 동천동 906-3,대구,북구
304,복현1호,대구 북구 복현동 460-6,대구,북구
305,복현2호,대구 북구 복현동 539 -110 복현서한타운 상가 103호,대구,북구
306,산격,대구 북구 산격동 1400-20,대구,북구
307,원대,대구 북구 노원동3가 892-1,대구,북구
308,침산,대구 북구 침산동 457-31번지,대구,북구
309,태전,대구 북구 태전동 254-30,대구,북구
310,팔달매천,대구 북구 매천동 682,대구,북구
311,감삼성당,대구 달서구 감삼동 317-3,대구,달서구
312,내당,대구 서구 내당동 219-7,대구,서구
313,달성비산,"대구 서구 비산 2,3동 3-50",대구,서구
314,대곡,대구 달서구 도원동 1442-2 1층 107호,대구,달서구
315,상인,대구 달서구 상인동 1555-1,대구,달서구
316,성서,대구 달서구 신당동 1763-2,대구,달서구
317,송현,대구 달서구 송현1동 207-2,대구,달서구
318,신월성,대구 달서구 월성동 1264번지 트럼프스타 B/D 106호,대구,달서구
319,용산,대구 달서구 용산1동 954-6,대구,달서구
320,용산새방,대구 달서구 용산동 499-2,대구,달서구
321,장기,대구 달서구 장기동 566-4,대구,달서구
322,진천,대구 달서구 송현동 1978-11,대구,달서구
323,평리,대구 서구 평리동 1093-11,대구,서구
324,만촌1호,대구 수성구 만촌동 849-2,대구,수성구
325,만촌2호,대구 수성구 만촌1동 1330-12,대구,수성구
326,범물,대구 수성구 범물동 1374-4,대구,수성구
327,범어1호,대구 수성구 범어동 203-18,대구,수성구
328,수성,대구 수성구 수성4가 1023-30,대구,수성구
329,시지1호,대구 수성구 매호동 1328-12,대구,수성구
330,시지2호,대구 수성구 시지동 498번지 시지노변아파트 상가 2동 108호,대구,수성구
331,중동,대구 수성구 중동 97-5,대구,수성구
332,지산,"대구 수성구 지산동 1234, 113동 4호",대구,수성구
333,파동,대구 수성구 파동 27-284,대구,수성구
334,황금,대구 수성구 두산동 133-1,대구,수성구
335,남산대신,대구 중구 남산3동 2466-14,대구,중구
336,중앙,대구 중구 남일동 33-9,대구,중구
337,강화,인천 강화군 강화읍 갑곳리 199-1,인천,강화군
338,계산1호,인천 계양구 계산동 1081-10,인천,계양구
339,계산2호,인천 계양구 계산3동 61-2,인천,계양구
340,임학박촌,인천 계양구 박촌동 52-3,인천,계양구
341,작전1호,인천 계양구 작전동 149-1,인천,계양구
342,효성1호,"인천 계양구 효성1동 21-11 현대아파트 상가동 101호, 102호, 103호",인천,계양구
343,효성2호,인천 계양구 효성2동 273-3,인천,계양구
344,관교,인천 남구 관교동 321-5,인천,남구
345,용현2동,인천 남구 용현동 558-32,인천,남구
346,용현5동,인천 남구 용현동 630-45,인천,남구
347,주안1호,인천 남구 주안동 1523-2,인천,남구
348,주안3호,인천 남구 주안동 929-11,인천,남구
349,학익1호,인천 남구 학익동 665-3,인천,남구
350,간석1호,인천 남동구 구월동 70-80,인천,남동구
351,구월,인천 남동구 구월동 1133-13,인천,남동구
352,논현1호,인천 남동구 논현동 620-8,인천,남동구
353,논현에코메트로,인천 남동구 논현동 752-1,인천,남동구
354,만수1호,인천 남동구 만수동 1045 103호,인천,남동구
355,만수2호,인천 남동구 만수2동 5-440,인천,남동구
356,만수3호,인천 남동구 간석3동 921-14,인천,남동구
357,서창,인천 남동구 서창동 706,인천,남동구
358,간석1호,인천 남동구 구월동 70-80,인천,남동구
359,구월,인천 남동구 구월동 1133-13,인천,남동구
360,논현1호,인천 남동구 논현동 620-8,인천,남동구
361,논현에코메트로,인천 남동구 논현동 752-1,인천,남동구
362,만수1호,인천 남동구 만수동 1045 103호,인천,남동구
363,만수2호,인천 남동구 만수2동 5-440,인천,남동구
364,만수3호,인천 남동구 간석3동 921-14,인천,남동구
365,서창,인천 남동구 서창동 706,인천,남동구
366,송현,인천 동구 송림동 234-1,인천,동구
367,부개1동,인천 부평구 부개동 265-3,인천,부평구
368,부개3동,인천 부평구 부개동 12-127,인천,부평구
369,부평1호,인천 부평구 부평동 451-30,인천,부평구
370,부평2호,인천 부평구 부평동 889-8,인천,부평구
371,산곡1호,인천 부평구 산곡동 369-270,인천,부평구
372,산곡2호,인천 부평구 산곡동 119-54,인천,부평구
373,산곡3호,인천 부평구 산곡2동 251-1,인천,부평구
374,삼산,인천 부평구 삼산동 433-1,인천,부평구
375,십정1호,인천 부평구 십정2동 488-41,인천,부평구
376,가좌,인천 서구 가좌동 30-78,인천,서구
377,검단1호,인천 서구 검단로 왕길동 637-1,인천,서구
378,검암,인천 서구 검암동 626-2번지 태건프라자 105호,인천,서구
379,당하,인천 서구 마전동 585,인천,서구
380,불로원당,인천 서구 당하동 1033-3 조이빌 103,인천,서구
381,석남가정,인천 서구 가정동 505-4,인천,서구
382,연희1호,인천 서구 심곡동 257-15,인천,서구
383,청라,인천 서구 연희동 799-8 우리프라자 1층,인천,서구
384,동춘,인천 연수구 동춘동 934-1,인천,연수구
385,선학연수3호,인천 연수구 선학동 406-2,인천,연수구
386,송도1호,인천 연수구 송도동 21-59  302동 102호,인천,연수구
387,송도드림시티,인천 연수구 송도동 3-2,인천,연수구
388,연수중앙,인천 연수구 연수동 626,인천,연수구
389,옥련,인천 연수구 옥련동 194-4,인천,연수구
390,소촌우산,광주 광산구 소촌동 244-6,광주,광산구
391,송정1호,광주 광산구 도산동 1143,광주,광산구
392,수완1호,광주 광산구 장덕동 1479번지 1층,광주,광산구
393,수완2호,광주 광산구 수완동 1128번지  102호,광주,광산구
394,신창,광주 광산구 신창동 1236-1,광주,광산구
395,운남1호,광주 광산구 월곡2동 683-1,광주,광산구
396,첨단1호,광주 광산구 산월동 첨단과학산업단지 884-2 호반상가 2동 103호,광주,광산구
397,첨단2호,광주 광산구 쌍암동 655-4번지,광주,광산구
398,하남1호,광주 광산구 산정동 977-13,광주,광산구
399,노대효천,광주 남구 노대동 814,광주,남구
400,백운,광주 남구 서동 71-15,광주,남구
401,봉선1호,광주 남구 주월1동 1253-4,광주,남구
402,봉선2호,광주 남구 봉선2동 475,광주,남구
403,주월,광주 남구 월산동 1034-17,광주,남구
404,진월,광주 남구 진월동 870번지 한국아델리움 2차상가 230동 102호,광주,남구
405,계림,광주 동구 장동 16-4,광주,동구
406,조선대,광주 동구 지산동 500번지,광주,동구
407,학동,광주 동구 학동 735-16,광주,동구
408,두암1호,광주 북구 두암2동 826-50,광주,북구
409,문흥1호,광주 북구 문흥동 980-15,광주,북구
410,양산1호,광주 북구 양산동 877-1 1층,광주,북구
411,오치,광주 북구 오치동 785-4,광주,북구
412,운암1호,광주 북구 운암3동 1051-5,광주,북구
413,운암2호,광주 북구 운암동 492-39,광주,북구
414,일곡1호,광주 북구 일곡동 828-4,광주,북구
415,전남대,광주 북구 용봉동161-15번지,광주,북구
416,첨단신용,광주 북구 신용동 693,광주,북구
417,금호,광주 서구 쌍촌동 881번지,광주,서구
418,동천,광주 서구 동천동 527,광주,서구
419,마재,"광주 서구 금호동 813 대주파크빌상가 124동 114호, 115호",광주,서구
420,상무1호,광주 서구 치평동 1181-2번지 107호,광주,서구
421,쌍촌1호,광주 서구 쌍촌동 147,광주,서구
422,풍암1호,광주 서구 풍암동 1048번지 호반 APT상가 104호,광주,서구
423,화정1호,광주 서구 화정동 824-16,광주,서구
424,화정2호,"광주 서구 농성동 666-1 1층 113,114호",광주,서구
425,송촌1호,대전 대덕구 송촌동 454-4,대전,대덕구
426,신탄진,대전 대덕구 석봉동 309-1,대전,대덕구
427,한남대,대전 대덕구 한남로 오정동 223-260,대전,대덕구
428,가오천동,대전 동구 가오동 235-12,대전,동구
429,용운,대전 동구 용운동 306-3,대전,동구
430,자양대동,대전 동구 대동 192-1,대전,동구
431,가장내동,대전 서구 가장동 50-45,대전,서구
432,갈마1호,대전 서구 갈마2동 404-2 푸른아파트 상가 107-2,대전,서구
433,관저느리울,대전 서구 관저동 1354,대전,서구
434,도마1호,대전 서구 도마동 114-19,대전,서구
435,둔산1호,대전 서구 둔산2동 1093 101호,대전,서구
436,둔산2호,대전 서구 둔산동 1851,대전,서구
437,만년,대전 서구 만년동 277,대전,서구
438,복수,대전 서구 복수동 622,대전,서구
439,월평1호,대전 서구 월평1동 845번지,대전,서구
440,탄방,대전 서구 탄방동 723,대전,서구
441,관저1호,대전 유성구 원내동 829 외 1필지,대전,유성구
442,관평,대전 유성구 관평동 1056,대전,유성구
443,노은1지구,대전 유성구 노은동 553-9 스타돔 120호,대전,유성구
444,노은2지구,대전 유성구 지족동 985-2,대전,유성구
445,도안1지구,대전 유성구 상대동 469-9,대전,유성구
446,송강,대전 유성구 봉산동 198-13,대전,유성구
447,신성,대전 유성구 신성동 137-15,대전,유성구
448,유성,대전 유성구 봉명동 621-1,대전,유성구
449,전민,대전 유성구 전민동 306-13,대전,유성구
450,대사부사,대전 중구 대사동 69-53,대전,중구
451,문화1호,대전 중구 문화동 466-16,대전,중구
452,용두오류,대전 중구 용두동 26-1,대전,중구
453,중촌,대전 중구 중촌동 98-16,대전,중구
454,태평1호,대전 중구 유천동 326-13,대전,중구
455,공업탑,울산 남구 신정동 1218-7,울산,남구
456,달동,울산 남구 달동 135-2,울산,남구
457,무거1호,울산 남구 무거1동 278-3,울산,남구
458,삼산,울산 남구 달동 1331-20,울산,남구
459,삼산2호,울산 남구 삼산동 203-15,울산,남구
460,수암,울산 남구 신정4동 870-9,울산,남구
461,신정3동(구 신정3호점),울산 남구 신정3동 177-1,울산,남구
462,야음1호,울산 남구 선암동 679-3,울산,남구
463,야음2호,울산 남구 야음1동 455-8,울산,남구
464,옥동,울산 남구 옥동 1406-17,울산,남구
465,울대,울산 남구 무거동 583-17,울산,남구
466,남목서부,울산 동구 서부동 181-31,울산,동구
467,방어,울산 동구 방어동 1149-1,울산,동구
468,전하,울산 동구 전하2동 634-4,울산,동구
469,화정,울산 동구 화정동 438-3,울산,동구
470,강동산하,울산 북구 산하동 89,울산,북구
471,양정염포,울산 북구 양정동 497-11,울산,북구
472,호계1호,울산 북구 호계동 346-1,울산,북구
473,호계2호,울산 북구 신천동 107-4,울산,북구
474,화봉,울산 북구 연암동 414-3,울산,북구
475,구영,울산 울주군 범서읍 구영리 801-6,울산,울주군
476,남창,울산 울주군 온양읍 운화리 56-6,울산,울주군
477,덕신,울산 울주군 온산읍 덕신리 1293-4,울산,울주군
478,언양,울산 울주군 언양읍 동부리 147-1,울산,울주군
479,웅촌,울산 울주군 청량면 삼정리 755-1 가동 216호,울산,울주군
480,천상,울산 울주군 범서읍 천상리 650-5,울산,울주군
481,다운,울산 중구 다운동 536-1,울산,중구
482,반구1호,울산 중구 반구동 874-3,울산,중구
483,반구2호,울산 중구 반구동 99-17,울산,중구
484,복산,울산 중구 복산동 399-12,울산,중구
485,성안,울산 중구 성안동 804-10,울산,중구
486,약사병영,울산 중구 약사동 629-17,울산,중구
487,옥교,울산 중구 학산동 3-27,울산,중구
488,우정,울산 중구 우정동 436-41,울산,중구
489,태화,울산 중구 태화동 117-2,울산,중구
490,가평,경기 가평군 가평읍 대곡리 230-23,경기,가평군
491,청평,경기 가평군 청평면 청평리 452-5,경기,가평군
492,현리,경기 가평군 하면 현리 259-7,경기,가평군
493,고양동,경기 고양시 덕양구 고양동 176-8 104호,경기,고양시
494,무원마을,경기 고양시 덕양구 행신동 719-9 ,경기,고양시
495,삼송,경기 고양시 덕양구 신원로 185,경기,고양시
496,원당,경기 고양시 덕양구 성사동 519-2,경기,고양시
497,행신1호,경기 고양시 덕양구 행신동 995-2,경기,고양시
498,화정1호,경기 고양시 덕양구 화정동 906-5 1층 102호,경기,고양시
499,강선,경기 고양시 일산동구 정발산동 717-3,경기,고양시
500,밤가시후곡,경기 고양시 일산동구 정발산동 1093,경기,고양시
501,백마강촌,경기 고양시 일산동구 마두1동 734 백마마을4단지상가 106호,경기,고양시
502,백송,경기 고양시 일산동구 백석동 1225 중앙프라자 103호,경기,고양시
503,식사,경기 고양시 일산동구 식사동 1531,경기,고양시
504,중산,경기 고양시 일산동구 중산동 1667-3,경기,고양시
505,호수,경기 고양시 일산동구 백석동 1414-15,경기,고양시
506,구일산,경기 고양시 일산서구 일산동 967-6,경기,고양시
507,대화,경기 고양시 일산서구 대화동 2126-2 ,경기,고양시
508,주엽,경기 고양시 일산서구 주엽2동 138 애비뉴상가 1층 1068호,경기,고양시
509,탄현,경기 고양시 일산서구 탄현동 1501-4,경기,고양시
510,과천1호,경기 과천시 원문동 4 레미안 슈르 A상가,경기,과천시
511,광명1호,경기 광명시 광명동 295-4,경기,광명시
512,소하1호,경기 광명시 소하동 1240-3,경기,광명시
513,소하2호,"경기 광명시 소하동 1363, 신촌 휴먼시아 상가 106호",경기,광명시
514,철산1호,경기 광명시 철산동 210-1,경기,광명시
515,철산2호,경기 광명시 철산동 92-1,경기,광명시
516,하안1호,"경기 광명시 하안동 35-5, 영보빌딩 102호",경기,광명시
517,곤지암,경기 광주시 곤지암읍 곤지암리 443-9,경기,광주시
518,광주1호,경기 광주시 경안동 154-1,경기,광주시
519,신현,경기 광주시 오포읍 신현리 371-4,경기,광주시
520,태전,경기 광주시 태전동 261-14,경기,광주시
521,수택,경기 구리시 교문동 760-12,경기,구리시
522,인창,경기 구리시 인창동 527-17,경기,구리시
523,토평,경기 구리시 토평동 970-6 1층 상가,경기,구리시
524,당동1호,경기 군포시 당동 904-5 그린프라자 102호,경기,군포시
525,부곡,경기 군포시 부곡동 1132-4 1층,경기,군포시
526,산본1호,경기 군포시 산본동 1106-3 101호,경기,군포시
527,산본3호,경기 군포시 산본동 48 에덴다모은정아파트 1층,경기,군포시
528,산본역,경기 군포시 산본동 1142-6,경기,군포시
529,호계3호,경기 군포시 당정동 2-3,경기,군포시
530,고촌,경기 김포시 고촌면 신곡리 1052,경기,김포시
531,구래,경기 김포시 구래동 6883-1,경기,김포시
532,사우,경기 김포시 사우동 998,경기,김포시
533,운양,경기 김포시 운양동 1297-6 승문리앤포레 1차 1층,경기,김포시
534,장기1호,경기 김포시 장기동 장기동 1360,경기,김포시
535,통진1호,경기 김포시 서암리 758-79,경기,김포시
536,풍무,경기 김포시 풍무동 429-11,경기,김포시
537,덕소1호,경기 남양주시 와부읍 덕소리 141-91,경기,남양주시
538,도농1호,경기 남양주시 도농동 153-5,경기,남양주시
539,마석,경기 남양주시 화도읍 마석우리 384-8,경기,남양주시
540,별내1호,경기 남양주시 별내동 1078-3,경기,남양주시
541,별내2호,경기 남양주시 별내동 846-7,경기,남양주시
542,오남,경기 남양주시 오남읍 오남리 205-19,경기,남양주시
543,진건,경기 남양주시 진건읍 사능리 353-4,경기,남양주시
544,진접장현리,경기 남양주시 진접읍 장현리 672-1,경기,남양주시
545,진접지구,경기 남양주시 진접읍 금곡리 1041-1,경기,남양주시
546,창현,경기 남양주시 화도읍 창현리 462-3,경기,남양주시
547,퇴계원,경기 남양주시 퇴계원면 퇴계원리 290-14,경기,남양주시
548,평내,경기 남양주시 평내동 203-2,경기,남양주시
549,호평,경기 남양주시 호평동 650-1,경기,남양주시
550,송내,경기 동두천시 지행동 694 예일 복합타워 114호,경기,동두천시
551,괴안,경기 부천시 소사구 괴안동 39-2,경기,부천시
552,소사범박,경기 부천시 소사구 소사본동 139-9,경기,부천시
553,송내,경기 부천시 소사구 송내1동 366-13,경기,부천시
554,심곡1호,경기 부천시 소사구 심곡본동 678-17,경기,부천시
555,고강1호,경기 부천시 오정구 고강1동 305-4,경기,부천시
556,원종도당,경기 부천시 오정구 원종1동 281-15,경기,부천시
557,상동1호,경기 부천시 원미구 상2동 546-6 110호,경기,부천시
558,상동역,경기 부천시 원미구 상동 523-3 대동프라자 1층 107호,경기,부천시
559,송내로데오,경기 부천시 원미구 상동 400-2,경기,부천시
560,신중동,경기 부천시 원미구 중동 1141-1,경기,부천시
561,역곡2동,경기 부천시 원미구 역곡동 48-5,경기,부천시
562,중동2호,경기 부천시 원미구 중4동 1033-3,경기,부천시
563,동판교,경기 성남시 분당구 삼평동 664,경기,성남시
564,무지개마을,경기 성남시 분당구 구미동 212-2,경기,성남시
565,미금,경기 성남시 분당구 구미동 47-1,경기,성남시
566,서판교,경기 성남시 분당구 판교동 612-3,경기,성남시
567,서현,"경기 성남시 분당구 서현동 89-7, 삼성한신근린상가",경기,성남시
568,수내1호,경기 성남시 분당구 수내동 32 양지마을청구아파트,경기,성남시
569,아름마을,"경기 성남시 분당구 야탑동 533-8, 미라보상가 1층 7호",경기,성남시
570,야탑1호,경기 성남시 분당구 야탑동 272-4,경기,성남시
571,정자,경기 성남시 분당구 정자동 58-8,경기,성남시
572,효자,경기 성남시 분당구 서현동 298-3  효자촌프라자 119호,경기,성남시
573,수진1호,경기 성남시 수정구 수진동 88번지 102호,경기,성남시
574,신흥1호,경기 성남시 수정구 신흥동 34,경기,성남시
575,태평1동,경기 성남시 수정구 태평동 6974-1,경기,성남시
576,금광1호,경기 성남시 중원구 금광동 2706,경기,성남시
577,상대원1호,경기 성남시 중원구 상대원동 5027,경기,성남시
578,은행1호,경기 성남시 중원구 은행동 663-3,경기,성남시
579,고색,경기 수원시 권선구 고색동 31-4,경기,수원시
580,곡반정,경기 수원시 권선구 곡반정동 584-4,경기,수원시
581,권선1호,경기 수원시 권선구 권선동 1260-5,경기,수원시
582,금곡1호,경기 수원시 권선구 금곡동 1088-1,경기,수원시
583,탑동,경기 수원시 권선구 탑동 766-2,경기,수원시
584,호매실,경기 수원시 권선구 호매실동 80-1,경기,수원시
585,광교1호,경기 수원시 영통구 이의동 1332 CB 4~5호,경기,수원시
586,매탄1호,경기 수원시 영통구 매탄동 1170-4,경기,수원시
587,매탄2호,경기 수원시 영통구 매탄2동 199-69,경기,수원시
588,매탄3호,경기 수원시 영통구 매탄4동 208-21,경기,수원시
589,신영통1호,경기 수원시 영통구 망포동 369-3,경기,수원시
590,영통1호,경기 수원시 영통구 영통동 1005-13,경기,수원시
591,영통2호,"경기 수원시 영통구 영통동 945-4, 한솔프라자 109호",경기,수원시
592,연무1호,경기 수원시 장안구 연무동 249-13,경기,수원시
593,율전1호,경기 수원시 장안구 율전동 305-6,경기,수원시
594,정자1호,경기 수원시 장안구 정자동 41-2,경기,수원시
595,정자2호,"경기 수원시 장안구 천천동 502-6, 1층",경기,수원시
596,조원1호,경기 수원시 장안구 조원동 729-12,경기,수원시
597,파장,경기 수원시 장안구 송죽동 216-1,경기,수원시
598,매교,경기 수원시 팔달구 매교동 186-3,경기,수원시
599,아주대,경기 수원시 팔달구 우만동 85-3 우만동R타워,경기,수원시
600,우만1호,경기 수원시 팔달구 우만1동 466-4,경기,수원시
601,화서1호,경기 수원시 팔달구 화서동 703 꽃뫼양지마을,경기,수원시
602,화서2호,경기 수원시 팔달구 화서1동 135-2,경기,수원시
603,거모,경기 시흥시 거모동 1757-1,경기,시흥시
604,능곡,경기 시흥시 능곡동 545,경기,시흥시
605,배곧신도시1호,"경기 시흥시 정왕동 2475 에이플러스 115, 116호",경기,시흥시
606,신천1호,경기 시흥시 신천동 707-50,경기,시흥시
607,은행1호,경기 시흥시 대야동 580-4,경기,시흥시
608,장곡,"경기 시흥시 장곡동 802-1, 금강프라자 1층 108호",경기,시흥시
609,정왕1호,경기 시흥시 정왕동 1593-2,경기,시흥시
610,정왕2호,"경기 시흥시 정왕동 1875-2, 미주상가102",경기,시흥시
611,정왕3호,"경기 시흥시 정왕동 1726-1, 광개토빌딩 104호",경기,시흥시
612,고잔1호,"경기 안산시 단원구 고잔동 763-2, 104호",경기,안산시
613,고잔2호,경기 안산시 단원구 와동 685-6,경기,안산시
614,선부1호,경기 안산시 단원구 선부동 1064-5,경기,안산시
615,원곡1호,경기 안산시 단원구 원곡동 754-6,경기,안산시
616,본오1호,경기 안산시 상록구 본오동 879-10,경기,안산시
617,부곡,경기 안산시 상록구 부곡동 670-2,경기,안산시
618,사동1호,경기 안산시 상록구 사동 1201,경기,안산시
619,사동2호,경기 안산시 상록구 사동 1376-7,경기,안산시
620,월피,"경기 안산시 상록구 월피동 442-26, 1층",경기,안산시
621,일동,경기 안산시 상록구 일동 89-3,경기,안산시
622,공도1호,경기 안성시 공도읍 만정리 417-98,경기,안성시
623,안성1호,경기 안성시 연지동 94,경기,안성시
624,안성2호,경기 안성시 인지동 397-1,경기,안성시
625,진사리,"경기 안성시 공도읍 진사리 348, 서지프라자 106호",경기,안성시
626,관양,경기 안양시 동안구 관양동 1437-20 1층,경기,안양시
627,비산1호,경기 안양시 동안구 비산동 566-7,경기,안양시
628,평촌1호,경기 안양시 동안구 평촌동 922-2,경기,안양시
629,평촌3호,"경기 안양시 동안구 관양동 1586, 한가람한양아파트 상가동 108호",경기,안양시
630,호계1호,경기 안양시 동안구 호계2동 927-2,경기,안양시
631,석수1호,경기 안양시 만안구 석수1동 177-6,경기,안양시
632,안양1번가,경기 안양시 만안구 안양동 674-241,경기,안양시
633,안양1호,경기 안양시 만안구 안양동 765-8,경기,안양시
634,안양2호,경기 안양시 만안구 안양 5동 448-22 진명빌딩 103호,경기,안양시
635,고읍1호,경기 양주시 광사동 657   103호,경기,양주시
636,덕소1호,경기 남양주시 와부읍 덕소리 141-91,경기,남양주시
637,덕정1호,경기 양주시 덕정동 240-27,경기,양주시
638,도농1호,경기 남양주시 도농동 153-5,경기,남양주시
639,마석,경기 남양주시 화도읍 마석우리 384-8,경기,남양주시
640,백석,경기 양주시 백석읍 복지리 168-3,경기,양주시
641,별내1호,경기 남양주시 별내동 1078-3,경기,남양주시
642,별내2호,경기 남양주시 별내동 846-7,경기,남양주시
643,오남,경기 남양주시 오남읍 오남리 205-19,경기,남양주시
644,진건,경기 남양주시 진건읍 사능리 353-4,경기,남양주시
645,진접장현리,경기 남양주시 진접읍 장현리 672-1,경기,남양주시
646,진접지구,경기 남양주시 진접읍 금곡리 1041-1,경기,남양주시
647,창현,경기 남양주시 화도읍 창현리 462-3,경기,남양주시
648,퇴계원,경기 남양주시 퇴계원면 퇴계원리 290-14,경기,남양주시
649,평내,경기 남양주시 평내동 203-2,경기,남양주시
650,호평,경기 남양주시 호평동 650-1,경기,남양주시
651,양평,경기 양평군 양평읍 양근리 183-4,경기,양평군
652,여주1호,경기 여주군 여주읍 하리 343-11,경기,여주군
653,전곡,경기 연천군 전곡읍 전곡리 302-11,경기,연천군
654,세마1호,경기 오산시 내삼미동 856-8,경기,오산시
655,운암2호,"경기 오산시 오산동 919-3, 102호",경기,오산시
656,원동,경기 오산시 오산동 881-7,경기,오산시
657,구갈2지구,경기 용인시 기흥구 구갈리 345-3,경기,용인시
658,구성1호,경기 용인시 기흥구 마북동 370-9,경기,용인시
659,동백1호,경기 용인시 기흥구 동백동 614-5,경기,용인시
660,흥덕,경기 용인시 기흥구 영덕동 1007-6,경기,용인시
661,상현1호,경기 용인시 수지구 상현동 3-4,경기,용인시
662,상현역,경기 용인시 수지구 상현동 1160,경기,용인시
663,성복,경기 용인시 수지구 성복동 162-3,경기,용인시
664,수지1지구,경기 용인시 수지구 풍덕천동 29-10,경기,용인시
665,수지2지구,경기 용인시 수지구 풍덕천동 697,경기,용인시
666,죽전,경기 용인시 수지구 죽전동 1151 101호,경기,용인시
667,둔전,경기 용인시 처인구 포곡읍 둔전리 400-2,경기,용인시
668,용인1호,경기 용인시 처인구 김량장동 293-24,경기,용인시
669,용인2호,경기 용인시 처인구 마평동 657-14,경기,용인시
670,내손갈뫼,경기 의왕시 내손1동 755-4 명성프라자,경기,의왕시
671,오전고천,"경기 의왕시 오전동 276-1, 114호",경기,의왕시
672,인덕원,경기 의왕시 포일동 662,경기,의왕시
673,포일내손,경기 의왕시 내손동 652-21,경기,의왕시
674,금오,경기 의정부시 금오동 473-4,경기,의정부시
675,녹양,경기 의정부시 가능동 92-51,경기,의정부시
676,민락,경기 의정부시 민락동 834-3,경기,의정부시
677,신곡,경기 의정부시 신곡동 484,경기,의정부시
678,신곡2호,경기 의정부시 신곡1동 707-2,경기,의정부시
679,용현1호,경기 의정부시 용현동 18-15,경기,의정부시
680,장암,경기 의정부시 신곡1동 336,경기,의정부시
681,호원1호,경기 의정부시 호원동 466-15,경기,의정부시
682,이천1호,경기 이천시 창전동 458-17,경기,이천시
683,이천하이닉스,경기 이천시 부발읍 아미리 735,경기,이천시
684,증포,경기 이천시 증포동 153-5,경기,이천시
685,가람마을,경기 파주시 와동동 1557-1,경기,파주시
686,교하신도시,경기 파주시 다율동 1001-6,경기,파주시
687,금촌1호,경기 파주시 금촌동 790-10 1층,경기,파주시
688,금촌로데오,경기 파주시 금촌동 986-2,경기,파주시
689,문산,경기 파주시 문산읍 문산리 17-345 1층 5호,경기,파주시
690,봉일천,경기 파주시 조리읍 봉일천리 142-3,경기,파주시
691,운정1호,경기 파주시 동패동 1758,경기,파주시
692,비전1호,경기 평택시 비전동 272-7,경기,평택시
693,비전2호,경기 평택시 비전1동 793-7,경기,평택시
694,세교,"경기 평택시 세교동 558 우성꿈그린@상가 105,106호",경기,평택시
695,송탄1호,경기 평택시 서정동 843-10,경기,평택시
696,송탄2호,경기 평택시 지산동 995,경기,평택시
697,안중1호,경기 평택시 안중읍 현화리 831,경기,평택시
698,팽성1호,경기 평택시 팽성읍 안정리 26-49,경기,평택시
699,포승1호,경기 평택시 도곡리 1142-16,경기,평택시
700,송우,경기 포천시 소흘읍 송우리 729-3 파크프라자 1층,경기,포천시
701,포천,경기 포천시 신읍동 47-10,경기,포천시
702,덕풍1호,경기 하남시 덕풍동 309-64,경기,하남시
703,미사1호,경기 하남시 망월동 1004-1,경기,하남시
704,신장1호,경기 하남시 신장동 447-28,경기,하남시
705,신장2호,경기 하남시 천현동 40-13,경기,하남시
706,동탄1호,경기 화성시 반송동 42-6,경기,화성시
707,동탄2호,경기 화성시 반송동 217-6,경기,화성시
708,발안1호,경기 화성시 향남면 행정리 426-11,경기,화성시
709,병점1호,"경기 화성시 병점동 379-10 병점프라자 109호, 110호",경기,화성시
710,병점2호,경기 화성시 진안동 914-1,경기,화성시
711,봉담1호,경기 화성시 상리 26-8,경기,화성시
712,와우리,경기 화성시 기안동 338-4,경기,화성시
713,강남,강원 강릉시 노암동 708-1,강원,강릉시
714,교동1호,강원 강릉시 교1동 1863-3,강원,강릉시
715,성덕,강원 강릉시 입암동 499-6번지,강원,강릉시
716,주문진,강원 강릉시 주문진읍 교항리 119-11,강원,강릉시
717,포남,강원 강릉시 포남1동 1140-1,강원,강릉시
718,고성,강원 고성군 간성읍 신안리 218,강원,고성군
719,북삼,강원 동해시 쇄운동 84-5,강원,동해시
720,천곡,강원 동해시 천곡동 1044-2,강원,동해시
721,삼척,강원 삼척시 남양동 17-2,강원,삼척시
722,교동,강원 속초시 교동 974-2,강원,속초시
723,동명,강원 속초시 동명동 1-18,강원,속초시
724,조양,강원 속초시 조양동 1540 부영파아트 상가동 102호,강원,속초시
725,양구,강원 양구군 양구읍 상리 227-105,강원,양구군
726,양양,강원 양양군 양양읍 남문리 125,강원,양양군
727,영월,강원 영월군 영월읍 하송1리 6반 178-11,강원,영월군
728,개운,강원 원주시 개운동 395-23,강원,원주시
729,단계,강원 원주시 단계동 837,강원,원주시
730,단구,강원 원주시 관설동 1701-4,강원,원주시
731,명륜,강원 원주시 명륜동 539,강원,원주시
732,무실,강원 원주시 무실동 1664-3,강원,원주시
733,문막,강원 원주시 문막읍 건등리 1705-3,강원,원주시
734,우산,강원 원주시 우산동 226-10,강원,원주시
735,일산,강원 원주시 원동 278-7,강원,원주시
736,태장,강원 원주시 태장동 북원로 2716-1,강원,원주시
737,혁신,강원 원주시 반곡동 1880-7,강원,원주시
738,원통,강원 인제군 북면 원통리 645-32,강원,인제군
739,사북고한,강원 정선군 사북읍 사북리 344-56,강원,정선군
740,계룡대,충남 계룡시 엄사면 엄사리 253-2,충남,계룡시
741,신관,충남 공주시 신관동 24-25,충남,공주시
742,옥룡,충남 공주시 옥룡동 308-1,충남,공주시
743,금산,충남 금산군 금산읍 상리 47-10,충남,금산군
744,취암,충남 논산시 내동 628,충남,논산시
745,기지시,충남 당진시 반촌리 861-20,충남,당진시
746,복운,충남 당진시 송악면 복운리 1642-11,충남,당진시
747,신평,충남 당진시 신평면 거산리 13-4번지 1층,충남,당진시
748,읍내,충남 당진시 읍내동 850,충남,당진시
749,채운,충남 당진시 읍내동 1541,충남,당진시
750,합덕,충남 당진시 합덕읍 운산리 266-2,충남,당진시
751,동대,충남 보령시 동대동 1766,충남,보령시
752,부여,충남 부여군 부여읍 관북리 133-5,충남,부여군
753,대산,충남 서산시 대산읍 산리 129-5,충남,서산시
754,동문,충남 서산시 동문동 406-2,충남,서산시
755,서산테크노,충남 서산시 오사리 1666,충남,서산시
756,석림,충남 서산시 동문동 999-6,충남,서산시
757,읍내,충남 서산시 읍내동 276-5,충남,서산시
758,서천,충남 서천군 군사리 718-11,충남,서천군
759,권곡,충남 아산시 권곡동 549-26,충남,아산시
760,배미,충남 아산시 배미동 239-17,충남,아산시
761,배방1호,충남 아산시 배방읍 공수리 89-28,충남,아산시
762,온천,충남 아산시 온천동 1310,충남,아산시
763,용화,충남 아산시 용화동 714,충남,아산시
764,고창,전북 고창군 고창읍 교촌리 506,전북,고창군
765,경암조촌,전북 군산시 경장동 510-19 1층,전북,군산시
766,군산대,전북 군산시 미룡동 364-5,전북,군산시
767,나운1호,전북 군산시 나운동 834-7,전북,군산시
768,미장수송,전북 군산시 수송동 836-8,전북,군산시
769,소룡산북,전북 군산시 소룡동 1545-5번지,전북,군산시
770,지곡,전북 군산시 지곡동 495-1,전북,군산시
771,김제,전북 김제시 신풍동 594-4번지,전북,김제시
772,남원,전북 남원시 도통동 387-12,전북,남원시
773,무주,전북 무주군 무주읍 읍내리 962,전북,무주군
774,무주구천,전북 무주군 설천면 삼공리 364-4,전북,무주군
775,부안,전북 부안군 부안읍 봉덕리 826-1,전북,부안군
776,순창,전북 순창군 순창읍 순화리 282-6,전북,순창군
777,봉동,전북 완주군 봉동읍 둔산리 907-5  101호,전북,완주군
778,삼례우석대,전북 완주군 삼례읍 후정리 13-8,전북,완주군
779,동산,전북 익산시 마동 344-5,전북,익산시
780,모현,전북 익산시 모현동1가 857,전북,익산시
781,부송,전북 익산시 부송동 710-5,전북,익산시
782,영등1호,전북 익산시 영등동 766-1,전북,익산시
783,영등2호,전북 익산시 영등동 843-5,전북,익산시
784,원광대,"전북 익산시 신동 764-4 시즈퍼스트 상가112호, 113호",전북,익산시
785,임실,전북 임실군 임실읍 이도리 294,전북,임실군
786,강진,전남 강진군 강진읍 남성리 5-4,전남,강진군
787,경산,경북 경산시 옥산동 758-10,경북,경산시
788,경산오거리,경북 경산시 중방동 880-23,경북,경산시
789,계양사동,경북 경산시 사동 663-6,경북,경산시
790,영대,경북 경산시 압량면 신대리 497,경북,경산시
791,진량,경북 경산시 진량읍 봉회리 81-3,경북,경산시
792,하양,경북 경산시 하양읍 금락리 130-18,경북,경산시
793,동천,경북 경주시 동천동 791,경북,경주시
794,안강,경북 경주시 안강읍 산대리 2400-2,경북,경주시
795,충효,경북 경주시 충효동 3002-1,경북,경주시
796,황성,경북 경주시 황성동 893-3,경북,경주시
797,고현상동,경남 거제시 고현동 406-18,경남,거제시
798,아주,경남 거제시 아주동 1178-2,경남,거제시
799,옥포,경남 거제시 옥포동 160-1,경남,거제시
800,장평,경남 거제시 장평동 274,경남,거제시
801,중곡수월,경남 거제시 고현동 997,경남,거제시
802,거창1호,경남 거창군 거창읍 대동리 697-5,경남,거창군
803,고성,경남 고성군 고성읍 동외리 345-7,경남,고성군
804,구산,경남 김해시 구산동 274-6,경남,김해시
805,내동,경남 김해시 내동 138-1,경남,김해시
806,대청,경남 김해시 대청동 61-1,경남,김해시
807,부원봉황,경남 김해시 부원동 603-2,경남,김해시
808,삼계1호,경남 김해시 삼계동 1479-4,경남,김해시
809,삼방,경남 김해시 삼방동 691-2 한일상가 108호,경남,김해시
810,삼정,경남 김해시 삼정동 590-1,경남,김해시
811,어방,경남 김해시 어방동 523-2,경남,김해시
812,외동,경남 김해시 외동 1187-12,경남,김해시
813,율하,경남 김해시 관동동 1064-6,경남,김해시
814,장유1호,경남 김해시 내덕동 220-1 101호,경남,김해시
815,지내안동,경남 김해시 지내동 67-1,경남,김해시
816,진영,경남 김해시 진영읍 진영리 1629-2,경남,김해시
817,남해,경남 남해군 남해읍 서변리 160-11,경남,남해군
818,내일동,경남 밀양시 내이동 1566-6,경남,밀양시
819,삼문상남,경남 밀양시 삼문동 717-11,경남,밀양시
820,동금,경남 사천시 동금동 58-4,경남,사천시
821,벌용,경남 사천시 벌리동 255-9,경남,사천시
822,사남,경남 사천시 사남면 월성리 64-3,경남,사천시
823,사천,경남 사천시 사천읍 수석리 293-23,경남,사천시
824,대정,제주 서귀포시 대정읍 하모리 1048-4,제주,서귀포시
825,서귀포1호,제주 서귀포시 동흥동 117-6,제주,서귀포시
826,서귀포명동,제주 서귀포시 서귀동 408-3,제주,서귀포시
827,서귀포혁신도시,제주 서귀포시 강정동 166-10,제주,서귀포시
828,월드컵경기장,제주 서귀포시 법환동 914,제주,서귀포시
829,중문,제주 서귀포시 중문동 1965-9,제주,서귀포시
830,건입,제주 제주시 일도2동 160-9,제주,제주시
831,노형,제주 제주시 노형동 1055-1,제주,제주시
832,도두해안도로,제주 제주시 도두1동 2625-4,제주,제주시
833,삼양화북,제주 제주시 화북1동 1023-2,제주,제주시
834,아라이도,제주 제주시 이도2동 1970-24,제주,제주시
835,애월하귀,제주 제주시 애월읍 하귀1리 167,제주,제주시
836,용담삼도,제주 제주시 용담2동 624-10 1층,제주,제주시
837,이도일도,제주 제주시 이도이동 1179-18,제주,제주시
838,제주1호,제주 제주시  연동 272-30,제주,제주시
839,탑동,제주 제주시 삼도이동 1192-22,제주,제주시
840,한림협재,제주 제주시 한림읍 한림리 1582-8,제주,제주시
